Episode,EvalReward
100,36.79355797217929
200,34.916115421780255
300,51.157518129203766
400,43.561003042254036
500,78.57521170410561
600,8.641659823474864
700,10.286004983103291
800,15.058909536367876
900,4.684711871927067
1000,5.316038342678612
1100,5.644356449483283
1200,6.097975456454606
1300,8.169797846560805
1400,4.434455449934006
1500,4.269552956824707
1600,5.1993897393934265
1700,4.864477564081106
1800,9.28156420464718
